89.22,3.2 ,188,90.6,53.23,22.37,61.48714286,726.0857143,2.32,7.3,0.276318,31.211968,424.6159,2.393991,240.088445,0.652138,129.841715,55.011076,31.340764,35.821241,111.21348,0.852579,1458.33995,0
89.32,3.2 ,169,90.5,52.3,21.3,61.88,731.3,2.37,7.34,0.277127,31.461969,420.953385,2.394113,239.80982,0.65211,129.844145,54.996157,31.183754,35.005248,110.524815,0.876449,1142.1792,0
89.32,3.2 ,177,90.7,52.3,21.38571429,61.72285714,729.6142857,2.43,7.27,0.277013,31.339998,423.941065,2.394545,239.742695,0.652395,129.636925,55.021893,30.263887,32.811401,111.57509,0.853677,1025.87479,0
89.02,3.2 ,159,90.4,52.3,21.6,61.33,725.4,3.08,7.35,0.277222,31.033443,423.722805,2.392854,239.732465,0.652089,130.942725,55.041748,31.321827,35.001558,111.388275,0.856233,967.85234,0
88.32,3.2 ,173,89.6,52.24285714,21.08571429,61.33285714,725.4285714,2.45,6.58,0.27731,30.826894,427.132,2.392715,239.835635,0.652213,130.758655,55.026847,31.510531,34.444426,111.533045,0.862641,932.608515,0
89.59,3.2 ,163,91,52.1,19.8,61.34,725.5,2.31,6.32,0.276607,30.935401,426.438005,2.374842,239.87391,0.652134,130.03224,54.963981,31.810413,34.790414,109.475725,0.825376,861.81653,0
89.20,4.6 ,209,90.4,51.35714286,20.22857143,61.34,725.5,2.38,6.423333333,0.277408,30.928608,425.479815,2.37441,239.786675,0.652102,128.945935,54.997381,30.692943,34.327642,109.581205,0.833733,796.45138,0
89.20,6.6 ,195,90.5,49.5,21.3,61.34,725.5,3,7.81,0.276922,29.286291,421.43433,2.37276,240.19177,0.651984,130.27519,55.020075,35.537326,37.647401,109.006855,0.872593,1080.45445,0
89.30,3.2 ,165,90.4,49.85714286,21.07142857,61.33714286,725.4428571,2.32,6.72,0.277658,29.670448,423.912025,2.374633,240.05298,0.653528,129.974855,55.000627,33.511279,36.027173,109.97484,0.811644,1243.92635,0
88.80,3.2 ,159,90.2,50.21428571,20.84285714,61.33428571,725.3857143,2.32,6.72,0.277336,29.290943,423.672715,2.373465,240.147785,0.652332,129.047965,54.938745,34.331335,35.880012,109.336705,0.953136,1221.26315,0
88.90,3.2 ,85,90.2,52,19.7,61.32,725.1,1.99,6.155,0.288839,28.406047,420.758375,2.353166,240.42566,0.652036,127.46958,54.999885,29.293983,35.28427,106.50636,0.886478,1489.93715,0
88.90,3.2 ,117,90.2,53,18.87777778,61.25555556,723.5222222,2.01,5.379,0.288957,28.307574,420.80792,2.354065,240.454445,0.652054,127.868155,54.949248,31.922726,35.599287,105.89537,0.786555,2305.7632,0
87.70,6.3 ,103,89.2,55.5,16.82222222,61.09444444,719.5777778,1.74,7.56,0.28865,27.730329,420.88983,2.351931,239.855595,0.652195,125.381175,54.956929,34.263103,34.997217,107.351725,0.801877,2969.43835,0
85.40,3.2 ,83,86.8,56.5,16,61.03,718,2.06,6.32,0.289001,27.63247,423.46459,2.35315,239.597375,0.651758,128.889005,55.018627,34.220671,34.763356,105.066486,0.759935,3068.70785,0
86.10,3.2 ,121,87.8,55.7,17.1,61,715.1,2.03,7.22,0.288881,27.147578,421.774355,2.355086,239.9245,0.659886,123.887855,55.052806,32.638832,35.1311,107.43181,0.844306,1914.8832,0
86.70,3.2 ,115,88.4,56.55714286,17.15714286,61.01142857,716.3,2.06,7.28,0.288553,26.947024,424.610875,2.354971,240.117665,0.660048,124.507525,54.948264,31.198999,35.015411,107.07688,0.920674,1437.5144,0
86.10,4.4 ,77,87.2,57.2,17.2,61.02,717.2,1.74,7.52,0.288133,26.671438,423.18777,2.354029,240.052395,0.659962,123.74407,54.973537,32.817984,34.959014,106.90185,0.8668,1785.14815,0
86.49,3.2 ,108,88,56.34285714,19.82857143,61.19142857,719.6,1.76,7.46,0.292427,26.005087,423.713675,2.371283,240.00032,0.660105,124.040975,55.000629,30.194415,34.481404,106.813565,0.704118,1945.4543,0
87.09,3.2 ,98.17,88.2,55.91428571,21.14285714,61.27714286,720.8,1.755,7.673833333,0.280242,27.510926,423.57912,2.397455,239.952615,0.660003,124.400985,55.054921,33.874276,35.887264,112.46358,0.73992,1682.85435,0
87.59,3.2 ,117,88.8,55.7,21.8,61.32,721.4,1.64,7.18,0.26927,28.631019,424.10625,2.442259,239.655165,0.65993,124.87962,54.99855,33.283873,35.55741,118.57794,0.935475,1338.56415,0
86.59,3.2 ,111,88.1,56.41428571,20.44285714,62.09857143,722.2571429,1.669868056,6.754881944,0.273925,28.582607,423.572555,2.440014,239.779995,0.660003,124.9698,55.0529,33.630285,33.408387,118.65442,0.804024,1723.81835,0
87.19,3.2 ,57,88.2,56.7,19.9,62.41,722.6,1.71,6.83,0.277996,30.004174,420.74302,2.447077,239.54789,0.659891,125.595185,54.957522,32.385184,34.124643,121.779455,0.830068,1787.39935,0
87.99,3.2 ,148,89.6,56.58571429,21.9,62.41,722.6,1.66,6.99,0.278806,32.215227,423.72459,2.452807,240.156085,0.659903,127.213415,55.019982,34.004984,36.704111,119.88528,0.904084,1175.81905,0
87.59,3.2 ,131,89,56.5,23.4,62.41,722.6,1.63,6.73,0.278431,31.8233,424.868775,2.451922,240.54881,0.660084,126.892075,55.004376,30.290481,32.708213,120.60164,0.836911,1798.84835,0
87.89,3.2 ,222,89.3,55.12857143,22.31428571,63.65571429,723.7428571,1.62,6.95,0.278567,30.727688,425.88319,2.449264,239.5703,0.660184,125.89975,55.040375,32.196388,37.121203,120.745,0.865951,1691.20235,0
87.69,3.2 ,125,89.2,54.1,21.5,64.59,724.6,1.01,6.94,0.276428,32.968053,424.457065,2.452039,239.848915,0.660063,126.62201,55.060081,31.684211,37.012729,122.38003,0.866341,1451.90785,0
87.29,3.2 ,156,88.7,55.18571429,23.72857143,64.59,724.6,1.63,6.55,0.276196,31.697836,423.681725,2.451302,239.771025,0.660012,126.61391,55.045904,32.791259,37.234313,121.961355,0.803556,1561.70085,0
87.89,3.2 ,170,89,56,25.4,64.59,724.6,1.68,7.31,0.275839,30.768385,423.671385,2.450969,239.71582,0.659745,126.09488,55.030411,36.969333,35.813193,120.30518,0.872209,1615.1985,0
88.29,3.2 ,206,89.7,55.80952381,24.67619048,65.2147619,724.6761905,1.79,8.665,0.276175,27.234116,424.733435,2.450153,240.305205,0.66009,126.826805,55.010277,32.705691,37.060189,122.35014,0.81437,1395.38265,0
87.99,3.2 ,185,89.2,55.66666667,24.13333333,65.68333333,724.7333333,1.736666667,8.083333333,0.274387,31.549917,423.48206,2.455376,240.159145,0.659984,126.681645,55.041191,29.066372,37.645768,123.42903,0.800148,1421.445,0
87.39,3.2 ,172,89.1,55.47619048,23.40952381,66.30809524,724.8095238,1.73,7.98,0.276549,30.577684,422.759705,2.451729,239.999215,0.659983,126.911325,54.998419,35.020122,37.371869,123.088555,0.876932,1232.22015,0
87.09,3.2 ,133,88.5,55.33333333,22.86666667,66.77666667,724.8666667,1.796666667,7.636666667,0.274141,27.221875,425.92326,2.429995,239.884895,0.660097,126.527715,55.049244,32.438614,35.896741,124.877735,0.833597,1554.96185,0
87.29,3.2 ,189,88.4,55.14285714,22.14285714,67.40142857,724.9428571,2.05,8.34,0.27344,26.893781,425.14091,2.431675,240.354085,0.65983,126.29743,54.975169,30.828103,35.001093,124.465815,0.907429,1440.2242,0
87.19,3.2 ,144,88.1,55,21.6,67.87,725,1.75,7.81,0.27335,26.955532,425.00846,2.433057,240.26558,0.66007,126.590775,55.018552,32.320958,35.113221,125.38187,0.883754,1358.41305,0
87.59,4.8 ,210,88.7,54.51428571,21.45714286,66.61857143,724.7714286,2,7.203333333,0.273756,26.461887,425.7238,2.431191,239.58032,0.659982,125.93915,55.035586,32.087543,35.175034,126.13859,0.854008,1646.94595,0
86.09,3.2 ,137,87.5,54.15,21.35,65.68,724.6,1.813333333,7.75,0.272328,25.970262,426.15888,2.430724,239.81205,0.660042,126.898805,55.003858,31.04557,34.936555,127.38643,1.27956,1353.1861,0
88.09,3.2 ,168,89.4,53.66428571,21.20714286,64.42857143,724.3714286,1.733333333,8.336666667,0.272717,26.358092,424.85552,2.429496,239.62548,0.660028,127.28412,54.942272,33.702022,36.283084,128.273485,0.877421,1084.8625,0
87.79,3.2 ,154,89.1,53.3,21.1,63.49,724.2,2.23,8.61,0.284245,26.819177,425.525905,2.432297,240.44882,0.660065,127.351265,54.950751,31.747821,35.188926,129.498855,0.885947,1051.6862,0
88.26,3.2 ,230,89.5,53.6,20.4,63.49,724.2,1.72,6.33,0.281472,25.780605,428.614985,2.470788,240.117,0.659913,122.028445,55.587157,30.26142,34.766046,126.71997,0.79635,557.62407,0
88.26,3.2 ,236,89.7,51.31428571,21.54285714,61.77285714,725.8857143,1.88,6.45,0.281744,25.854596,425.952855,2.470278,239.902395,0.659906,122.372215,55.607311,30.995218,35.417446,128.76046,0.831758,468.608185,0
87.66,3.2 ,236,89.2,49.6,22.4,60.485,727.15,1.79,6.46,0.29359,26.542,427.79624,2.470362,240.103425,0.660035,127.882435,55.044846,29.845903,34.527454,130.480455,0.81017,1051.181705,0
88.58,7.4 ,204,89.8,50.34285714,20.51428571,58.76785714,728.8357143,1.92,9.13,0.285068,26.314393,424.498365,2.41231,240.040305,0.651814,125.236655,46.084884,32.507326,34.920345,135.282645,0.844468,851.767795,0
88.06,3.2 ,172,89.6,50.9,19.1,57.48,730.1,1.88,8.33,0.292383,25.189895,431.195185,2.412057,240.36959,0.652065,118.99471,46.001344,22.945524,33.262543,130.597895,0.810061,878.359345,0
88.10,3.2 ,179,89.5,52.32857143,18.58571429,58.42285714,729.5285714,1.74,8.79,0.285223,24.710575,426.63404,2.410503,240.03778,0.652033,117.495255,46.023129,27.833841,34.807218,135.71002,0.841558,678.09189,0
88.50,7.6 ,275,89.7,53.4,18.2,59.13,729.1,2.92,9.43,0.280968,25.33292,424.1333,2.40841,240.171675,0.652061,123.59581,54.959268,29.620369,34.907344,135.300745,0.832183,917.65474,0
88.30,8.4 ,216,89.5,53.34285714,18.77142857,59.13,729.1,2.52,8.61,0.280146,27.492565,422.910525,2.40931,239.99905,0.651986,123.01303,53.894833,30.246509,35.474178,135.07695,0.811066,1014.428265,0
88.30,3.8 ,286,89.6,53.3,19.2,59.13,729.1,1.73,8.75,0.287547,26.053373,428.882775,2.410127,240.063955,0.652035,119.798655,55.006344,30.979287,34.589083,135.9959,0.837345,503.689235,0
88.80,8.6 ,209,90,54.15714286,19.88571429,59.13,729.1,2.08,9.04,0.285254,24.915963,423.224185,2.411723,239.83563,0.651935,119.84615,55.008143,30.755311,36.77299,136.40583,0.823116,653.431065,0
89.10,7.0 ,264,90.2,54.8,20.4,59.13,729.1,1.84,8.97,0.282299,25.079061,421.58301,2.409451,239.950175,0.652061,118.502595,55.008645,29.600117,34.9648,136.17987,0.857708,284.8948,0
88.60,4.2 ,132,89.6,57.44285714,20.27142857,57.87857143,727.3285714,1.98,9.26,0.282232,24.590252,420.57607,2.41497,240.00573,0.651909,118.661695,54.984893,25.286494,34.901225,135.62626,0.847606,408.310905,0
88.42,4.8 ,221,89.6,59.5,20.1,56.94,726,3.45,9.41,0.27109,24.479787,422.172255,2.414708,240.035775,0.652014,117.487185,54.964278,26.568338,34.730401,136.177915,0.837308,502.35115,0
88.70,3.2 ,126,90.1,58.52857143,21.3,56.94,726,1.67,7.92,0.270771,25.582006,422.499375,2.413117,240.187765,0.652077,119.412905,55.01384,27.682972,34.156448,135.067865,0.836218,693.44329,0
89.00,3.2 ,199,90.2,57.8,22.2,56.94,726,3.13,9.76,0.266478,25.51383,421.82032,2.420614,239.97065,0.651994,118.66554,55.019148,27.090881,33.699463,135.276305,0.837994,507.017725,0
88.90,3.2 ,144,90.1,58.6,22.08571429,57.55714286,725.7142857,2.78,9.13,0.266077,25.946579,421.71669,2.419881,239.79247,0.651977,122.15613,55.007234,33.761796,37.548757,136.11291,0.836428,132.65074,0
88.60,3.2 ,101,89.8,59.2,22,58.02,725.5,3.2,9.97,0.266399,25.123554,423.014485,2.420299,239.983095,0.651948,119.749035,55.027182,26.600737,37.268679,136.27951,0.829206,348.311795,0
88.20,3.2 ,169,89.6,60.91428571,21.71428571,58.02,725.5,2.53,9.01,0.265506,25.602694,422.42735,2.42267,240.09728,0.651781,122.186385,55.002076,33.968117,36.207029,135.45142,0.827239,457.235045,0
88.30,3.2 ,241,89.4,62.2,21.5,58.02,725.5,1.64,8.66,0.266133,26.26782,420.856775,2.423539,239.99068,0.652026,119.98895,54.979029,32.409274,36.548772,136.49784,0.814411,290.521745,0
87.45,3.8 ,244,88.7,62.88571429,21.04285714,58.64857143,727.0428571,1.57,8.58,0.279887,23.480687,423.292285,2.406357,239.855515,0.651892,119.200105,55.030039,29.82005,35.991527,137.734685,0.798483,517.789505,0
87.65,3.2 ,263,89.4,63.4,20.7,59.12,728.2,1.78,8.31,0.288834,21.350235,424.522945,2.376083,239.984285,0.651998,126.41227,55.021245,31.975081,34.570091,127.231545,0.812314,620.704405,0
88.02,3.2 ,225,89.2,62.37142857,20.98571429,59.12,728.2,2.45,9.16,0.28792,21.622516,425.26879,2.376904,240.01367,0.65213,124.01301,54.985914,33.478026,35.67269,124.66156,0.836747,507.60286,0
88.02,3.2 ,245,89.7,61.6,21.2,59.12,728.2,2.55,9.35,0.305958,21.37037,425.118645,2.378273,240.01129,0.652018,128.942675,55.015899,33.797773,34.786687,125.353685,0.827896,851.10435,0
87.22,5.8 ,239,89,59.94285714,21.94285714,51.92571429,726.7142857,2.68,9.62,0.306094,21.559234,423.995615,2.377387,240.05142,0.652054,128.914905,54.9555,34.169783,35.941159,124.18686,0.844372,862.421595,0
87.52,3.2 ,239,89.1,58.7,22.5,46.53,725.6,1.71,9.05,0.307026,21.869645,424.322825,2.358757,240.15691,0.652078,128.66787,55.027962,33.590915,35.752399,123.382235,0.843987,703.305665,0
87.22,3.2 ,172,88.8,58.81428571,21.81428571,46.53,730.4,1.64,8.4,0.265753,24.146058,422.341765,2.418022,239.949795,0.65205,128.772445,54.992407,32.855077,36.303319,137.85183,0.836236,902.15176,0
87.22,3.2 ,182,88.3,58.9,21.3,61.3,729.5,2.77,9.78,0.26564,23.826653,420.59911,2.420006,239.97406,0.651993,127.46137,54.995285,30.450995,34.854304,137.878775,0.838882,825.934045,0
87.42,3.2 ,156,88.7,58.38571429,21.3,62.24,730.4714286,2.1,9.46,0.282014,24.822569,420.21768,2.420158,239.972565,0.652024,127.020695,54.979363,36.713772,37.163322,138.34476,0.919689,760.048385,0
87.72,3.2 ,137,89,58,21.3,62.945,731.2,3.52,10.62,0.279736,27.398144,423.39235,2.428327,239.859675,0.659726,129.041775,55.290985,33.204454,35.044452,140.659345,0.839833,1174.04225,0
87.12,3.2 ,129,88.5,58,21.3,63.7675,728.15,5.553333333,8.06,0.282565,27.160798,421.496985,2.422345,240.00039,0.660115,127.75668,55.019999,36.013133,37.128103,138.9644,0.86439,928.687455,0
86.42,3.2 ,139,88,58.5,20.3,64.59,725.1,2.52,9.82,0.283302,25.184571,422.23024,2.420614,240.067965,0.660084,126.98378,55.034677,34.349526,36.749232,139.078885,0.851356,962.109875,0
86.92,3.2 ,195,88.7,57.3,20,64.59,728.05,2.66,9.92,0.284586,25.656122,420.886385,2.412406,240.063735,0.660049,125.95042,55.010963,34.504365,36.879831,140.37972,0.87265,2408.7975,0
88.82,3.2 ,201,90.6,56.5,23.1,64.59,731,2.87,9.96,0.285006,25.108377,425.45979,2.41939,240.011135,0.660069,127.928655,54.96372,34.759647,36.789664,139.18047,0.825004,1138.7378,0
89.32,3.2 ,252,90.8,57.66666667,23.26666667,63.25333333,729.3333333,2.86,9.82,0.28593,26.977685,421.05412,2.420611,239.96508,0.660019,127.995,54.985412,34.143521,37.161986,138.865685,0.807938,1291.8266,0
87.90,3.2 ,183,89.3,58.68888889,25.22222222,61.47111111,728.0444444,3.13,9.56,0.363003,20.936398,423.66948,2.276681,239.98571,0.66003,128.004685,54.997178,35.319821,37.144553,112.870725,0.808431,812.110865,0
87.00,3.2 ,169,88.3,59.2,26.2,60.58,727.4,2.76,9.25,0.327699,23.444335,423.81708,2.304686,239.975395,0.660057,127.93542,55.015306,36.844334,36.30293,123.16364,0.807028,867.677035,0
87.00,3.2 ,185,88.4,59.9,24.6,62.23,724.8,2.52,8.86,0.330932,23.362693,425.27535,2.302132,240.073605,0.660057,127.985355,55.07242,37.527429,37.08491,122.383225,0.82658,1344.6532,0
86.90,3.2 ,120,88.7,62.2,23.1,63.88,722.2,2.53,9.28,0.304321,26.287158,425.31499,2.413447,240.040965,0.659953,126.95161,54.979622,33.823535,36.624717,137.875405,0.797755,1122.24835,0
88.62,3.2 ,227,90.1,57.9,22.4,63.88,728.8,2.4,9.37,0.300745,27.095865,425.726475,2.414738,240.139185,0.659994,128.574935,54.844611,34.508351,35.882033,136.45176,0.81168,958.59753,0
88.72,3.2 ,257.3846154,90.1,53.6,21.7,63.88,735.4,2.03,9.87,0.300433,26.558033,424.072395,2.4169,239.99113,0.660105,128.441555,54.857007,38.560482,37.587776,136.408135,0.85641,662.2883,0
88.22,4.7 ,214,89.9,53.4,21.65,62.2275,731,2.02,9.77,0.301533,24.988054,423.87607,2.415774,239.982875,0.660189,128.23733,54.833757,36.668818,37.62025,136.80065,0.822587,729.672375,0
87.92,3.2 ,241,89.1,53.2,21.6,60.575,726.6,2.61,8.47,0.294732,28.299005,423.51635,2.369744,239.92257,0.660124,128.57574,54.863371,35.269469,37.086431,136.78435,0.834169,754.72211,0
87.02,3.2 ,242,88,54.4,21.86666667,59.47333333,728.1,1.96,7.97,0.296532,28.549743,423.693995,2.368368,240.002615,0.660107,128.582305,54.843608,36.094383,37.074562,136.539265,0.88161,846.34215,0
87.12,3.2 ,243,88.7,56.8,22.4,58.19111111,727.6333333,2.41,9.18,0.294682,27.858484,423.981595,2.367146,240.117295,0.660093,128.486485,54.822251,37.112116,37.129141,136.845985,0.830354,787.70598,0
87.72,3.2 ,255,89.3,56.4,22.2,57.55,727.4,2.11,8.07,0.297018,27.074627,422.645845,2.366613,239.99008,0.660114,126.742835,54.820229,36.301205,36.612847,136.94178,0.815116,692.424525,0
85.82,3.2 ,249,87.6,56.2,21.8,57.83,723.7,1.8,8.25,0.296663,27.125239,419.368235,2.365024,240.03644,0.660118,126.765005,54.883039,36.148,36.007812,137.15996,0.911019,610.69417,0
85.72,3.2 ,284,86.9,55.3,20.4,58.11,723.8,2.12,8.85,0.30079,27.382098,422.961725,2.36509,239.93,0.659834,127.20062,54.808094,36.614981,35.949836,137.82827,0.868167,752.627405,0
85.72,5.1 ,189,87.2,55.8,20,64.445,724.6,1.84,9.7,0.297561,28.532545,423.362635,2.359939,241.58496,0.660041,126.26414,54.780928,35.56698,35.692645,137.9167,0.817903,1802.388,0
89.62,7.7 ,310,90.6,52.9,22.6,70.5,734.4,2.02,9.92,0.299121,25.92675,416.69265,2.365099,240.724525,0.660006,129.71018,54.829433,34.096582,36.984039,136.19463,0.824987,1179.2756,0
88.82,3.5 ,269,90,53.45,21.8,54.4725,729.45,2.11,9.6,0.291712,26.071306,422.320965,2.364256,241.218505,0.65999,129.17882,54.865634,33.989035,35.17062,137.116005,0.839678,976.35424,0
89.32,3.2 ,275.5384615,90.5,54,21.8,38.445,724.5,2.27,10.64,0.296493,26.196583,420.51175,2.365139,240.776395,0.659886,129.245015,54.975912,33.586168,35.216057,136.65908,0.835625,1208.67015,0
89.52,3.2 ,255,90.5,53.625,21.8,30.43125,726.75,2.02,9.37,0.300912,26.024609,415.82025,2.363814,240.566085,0.659961,128.698125,55.000145,35.686098,35.518501,136.617585,0.808135,1074.35535,0
88.52,3.2 ,284,90.1,53.25,22.25,22.4175,729,2.39,9.61,0.302673,24.911924,425.15404,2.366655,241.215765,0.660155,128.98117,55.006902,36.88814,36.379077,136.329965,0.78631,1088.0344,0
89.32,3.4 ,248,90.4,52.875,22.475,14.40375,731.25,2.39,9.61,0.299323,24.830403,423.02296,2.364195,240.6491,0.660068,129.216225,55.008534,34.299678,35.002151,137.409775,0.846206,1257.445,0
90.22,3.2 ,287,91.6,52.5,22.7,6.39,733.5,1.85,8.12,0.295511,24.982609,427.00177,2.366481,240.95405,0.660049,129.29625,55.017105,32.963606,33.254754,136.89186,0.8558,1245.4134,0
90.20,6.0 ,279,91.5,50.45,23.25,21.455,728.2,1.87,8.7,0.295596,26.161209,422.39609,2.367077,240.88468,0.660057,128.285185,54.978362,33.675484,33.843266,135.79438,0.847105,1503.9281,0
90.20,3.2 ,286.6923077,91.5,48.4,23.8,36.52,722.9,1.94,8.77,0.298384,26.538572,422.15644,2.365324,240.75316,0.66003,128.716635,55.036979,32.148354,33.584536,136.792045,0.839488,1383.7436,0
90.20,3.8 ,286.6442308,91.3,49.1,23.4,51.585,728.5,1.98,8.92,0.300616,26.615624,423.89867,2.365493,240.41506,0.659981,128.91945,54.977359,32.966,33.952482,136.045485,0.845108,1413.2674,0
90.30,3.2 ,286.5961538,91.5,49.8,23,66.65,734.1,1.78,8.59,0.298768,26.304357,420.26832,2.364326,240.548575,0.660022,129.126925,55.030632,32.158483,34.228886,134.31248,0.85911,940.19476,0
90.10,3.2 ,275.4423077,91.3,48.4,21.9,66.65,734.1,1.74,8.55,0.299106,25.856736,420.346905,2.362851,239.49041,0.659865,127.63791,55.025696,31.486494,33.440452,137.121245,0.832015,1170.94375,0
89.90,3.2 ,263.6538462,91.1,49.7,22.8,66.65,730.2,1.92,8.74,0.301431,27.029872,426.604648,2.366093,240.349181,0.659905,127.790024,54.973787,30.955737,33.227609,136.918186,0.834029,1348.077952,0
89.70,3.2 ,262.4038462,91,50.05,22.65,60.315,729.9,1.73,8.48,0.297578,26.484288,426.26774,2.365753,240.33731,0.659977,129.38341,55.047871,31.29718,34.202665,137.98819,0.848952,1589.459,0
89.92,3.9 ,259.3846154,91.7,50,22.7,53.98,733.5,1.97,8.42,0.29844,27.527512,427.430385,2.36636,241.14068,0.660154,129.342285,54.963886,35.114928,36.310255,136.78529,0.846628,1284.07015,0
90.42,3.2 ,259.0384615,91.6,49.3,23.1,53.98,731.4,2.19,8.61,0.299935,26.115614,425.391435,2.3638,240.72254,0.660026,128.01247,54.966392,32.557047,35.209233,136.727355,0.848243,1066.215015,0
90.12,3.2 ,258.6923077,91.4,48.6,23.5,53.98,729.3,2.26,8.54,0.298144,26.459255,425.689615,2.362749,240.106915,0.659992,129.1197,55.037443,30.869015,33.82717,137.505055,0.839881,1209.5037,0
90.12,4.1 ,261.7692308,91.2,48.45,23.1,53.4175,730.75,2.35,8.79,0.284139,25.569646,422.88548,2.360289,240.924075,0.660066,129.897705,54.992223,33.696736,35.623915,137.401615,0.85181,1199.665,0
89.82,3.8 ,264.8461538,91.2,48.3,22.7,52.855,732.2,1.87,9.27,0.288488,25.610955,424.628125,2.361951,240.27257,0.660042,129.477435,55.062902,31.978642,34.581201,137.57304,0.855905,1387.88085,0
89.72,3.2 ,260.9230769,91,48.8,22.6,52.2925,729.55,1.98,8.36,0.294731,25.479557,424.227885,2.363123,240.10469,0.659991,128.633325,54.965093,33.069242,34.758852,135.82076,0.845884,1257.95065,0
89.52,3.2 ,257,91.2,49.3,22.5,51.73,726.9,1.65,8.51,0.285818,25.779683,427.280795,2.36298,240.458675,0.659974,128.72302,54.990032,30.850395,35.83289,136.976485,0.899102,1063.996,0
88.92,4.5 ,263,90.6,50.4,22.4,52.2825,729.35,1.73,8.68,0.296127,25.738497,423.49242,2.363065,240.6838,0.660083,128.878005,55.02668,31.390447,37.149542,137.22983,0.873483,1376.2283,0
89.92,3.2 ,269,91.2,51.5,22.3,52.835,731.8,1.88,9.1,0.296573,23.317956,427.11597,2.362858,240.263725,0.660068,128.01219,55.04392,28.97368,34.500731,137.025705,0.88018,1396.2349,0
89.20,3.2 ,250.5,90.5,51.5,22.3,53.3875,728.9,1.69,8.49,0.291436,25.233959,421.214625,2.361898,240.526765,0.660103,128.643985,54.967673,30.870721,36.547103,136.313875,0.888783,1322.8649,0
89.20,3.2 ,232,90.4,51.5,22.3,53.94,726,2.15,7.97,0.291384,24.701331,422.138645,2.362507,240.3006,0.660025,129.085765,54.991108,29.259655,35.21565,136.268695,0.854201,1322.0486,0
89.50,3.2 ,300.8571429,90.9,51.6,23.8,51.73,731.7,1.6,9.37,0.303691,24.203313,423.931108,2.365567,239.87651,0.659996,125.055555,55.000954,30.681407,34.924167,137.567828,0.869107,991.401245,0
89.30,3.3 ,300.8571429,90.5,51.6,23.8,51.73,731.7,2.22,8.66,0.302439,24.994339,424.667295,2.363951,239.974056,0.660062,124.592526,55.017908,35.870502,36.18067,138.469774,0.852788,1052.714744,0
89.72,3.7 ,300.8571429,91.3,51.6,23.8,51.73,731.7,1.6,8.71,0.304214,24.307873,420.524258,2.36333,240.304008,0.660035,124.395838,54.998066,34.030809,36.688606,138.551308,0.882809,1056.276225,0
89.70,3.4 ,241.2857143,91,54.8,24.2,52.83,728.5,3.39,8.56,0.298767,24.253007,428.032918,2.363611,239.951058,0.660046,124.705513,54.997019,28.954263,35.100397,138.40972,0.881763,900.089363,0
89.76,3.2 ,240.2857143,91,55.4,23.4,53.4,730.3,2.47,9.69,0.302027,24.381161,425.748168,2.36246,240.06604,0.659994,117.567868,54.977287,28.923412,35.060959,131.89771,0.877782,651.270478,0
89.89,3.2 ,240.2857143,91.1,55.4,23.4,53.4,730.3,1.55,7.83,0.306238,24.311561,422.076773,2.363492,240.114908,0.65995,124.907275,55.00664,31.434492,35.322451,136.036638,0.879444,863.685858,0
89.39,3.2 ,240.2857143,90.6,55.4,23.4,53.4,730.3,2.38,7.59,0.300626,24.141622,426.593845,2.363156,237.623233,0.660036,123.951388,54.999358,25.486445,32.713924,136.032848,0.85962,844.423833,0
89.69,3.2 ,240.2857143,90.8,55.4,23.4,53.4,730.3,1.71,8.64,0.303508,24.116009,424.09578,2.364459,238.564755,0.659988,125.443573,54.995905,31.445101,36.147858,136.10993,0.874251,888.283855,59.806268
90.30,6.5 ,214.1428571,91.4,54.3,23.8,53.97,727.7,2.41,8.98,0.3039,24.017233,424.568595,2.365174,238.242193,0.659922,124.936093,54.990274,30.186051,37.199449,136.264473,0.847761,829.41164,0
89.00,3.2 ,214.1428571,90.6,54.3,23.8,53.97,727.7,2.65,10.61,0.303466,23.996026,423.162678,2.363736,238.376775,0.66006,125.350303,55.018201,29.742224,37.0728,137.118953,0.851453,953.317233,8.37343
89.20,3.2 ,214.1428571,90.3,54.3,23.8,53.97,727.7,1.84,8.71,0.302263,23.897768,421.735845,2.362358,237.830228,0.660071,122.612158,55.011501,25.845481,35.176927,138.131808,0.866333,1094.927425,0
89.60,3.2 ,259.7142857,90.8,55.1,20.6,53.42,722.4,2.36,8.69,0.29806,24.344441,425.796093,2.365476,238.262283,0.660046,124.937603,55.000776,28.439693,36.540573,138.099585,0.841975,1530.04265,0
88.90,3.2 ,259.7142857,90.1,55.1,20.6,53.42,722.4,3.02,8.92,0.296615,24.159217,425.4278,2.36359,237.957483,0.660144,125.366295,54.998587,27.474639,35.616228,137.967068,0.86309,1633.645225,0
88.90,3.2 ,279.5714286,90.2,56.6,19.1,53.42,727.9,2.17,7.85,0.295602,24.206586,422.861453,2.364879,237.94665,0.66005,124.862335,55.04185,27.32311,35.230838,138.479175,0.860856,1647.567825,0
89.00,3.2 ,279.5714286,90.1,56.6,19.1,53.42,727.9,2.67,8.41,0.298654,23.378941,424.419285,2.363529,237.91331,0.659965,125.357155,55.005786,26.10971,35.923641,137.954248,0.911778,1675.0098,0
89.00,3.2 ,279.5714286,90.1,56.6,19.1,53.42,727.9,2.21,7.86,0.303545,22.911155,422.977988,2.363886,237.009425,0.659879,125.313183,55.007475,24.600544,35.10061,136.520498,0.867973,1827.32465,0
88.50,3.2 ,248,89.6,55.9,23.5,50.11,727.8,2.32,7.97,0.299813,23.570375,425.694858,2.362671,237.967793,0.65992,126.265935,54.975689,25.400958,34.753352,136.251655,0.841484,2083.509875,222.377833
88.70,3.2 ,248,89.6,55.9,23.5,50.11,727.8,2.08,8.22,0.302587,23.365018,422.643348,2.363556,237.449758,0.659941,126.162528,55.04159,24.180706,35.165102,137.14366,0.784592,2772.6659,0
88.30,3.2 ,248,89.7,55.9,23.5,50.11,727.8,3.09,8.13,0.311144,23.529709,424.142648,2.362959,237.651003,0.659988,126.005605,54.990005,25.058632,35.802009,136.368145,0.818001,2308.23625,6.77036
87.80,3.2 ,248,89.4,55.9,23.5,50.11,727.8,1.98,8.57,0.310318,23.343995,419.464498,2.360654,238.069713,0.660025,123.331268,54.992232,29.062375,36.692148,137.695155,0.946682,2589.712275,0
87.59,3.2 ,248,89.1,55.9,23.5,50.11,727.8,2.47,8.36,0.307803,22.736582,425.358665,2.362023,237.630495,0.660066,124.703315,55.000897,25.704774,34.653733,136.765255,0.922666,2504.049675,0
88.09,3.2 ,248,89.4,55.9,23.5,50.11,727.8,2.53,8.57,0.30137,22.628836,426.61955,2.361462,237.85262,0.660052,124.658965,54.981292,25.778817,34.452484,136.76122,0.825268,2310.440975,0
87.89,3.2 ,248,89.2,55.9,23.5,50.11,727.8,2.14,8.26,0.307202,23.700336,423.652633,2.360222,238.104243,0.659935,125.139213,55.024397,31.390419,36.058553,136.965378,0.871364,2102.2705,0
87.39,3.2 ,172.4285714,89.2,59.3,23.5,42.96,723.4,2.33,8.24,0.298807,22.951945,423.03617,2.359277,237.88482,0.660052,125.49197,54.998243,28.384704,35.588307,136.78485,0.830813,2448.3841,0
87.09,3.2 ,172.4285714,88.6,59.3,23.5,42.96,723.4,2.54,8.62,0.299775,22.925843,429.02785,2.362575,237.78086,0.659993,126.051363,54.981961,27.088488,34.02328,136.453683,0.806746,2539.986075,0
87.59,3.2 ,172.4285714,89.1,59.3,23.5,42.96,723.4,2.33,8.75,0.298439,23.765607,421.421805,2.358006,238.03099,0.660026,124.403563,54.998727,31.107736,36.917933,136.60374,0.856492,2216.508175,128.408413
87.59,3.2 ,172.4285714,89.3,59.3,23.5,42.96,723.4,1.65,9.12,0.302184,23.678825,424.701703,2.360271,238.040378,0.659947,125.1572,54.983047,29.649086,36.747071,136.7105,0.847992,2208.338675,0
87.59,3.2 ,172.4285714,88.4,59.3,23.5,42.96,723.4,2.15,8.58,0.300875,23.407308,426.394218,2.358885,238.314315,0.660085,125.738743,54.956669,28.042499,34.604141,136.567948,0.817161,1882.94675,0
87.09,3.2 ,153.4285714,88.5,58.5,23.9,45.15,720.8,2.48,8.67,0.299135,22.645055,423.700775,2.359061,238.096603,0.659976,124.74612,54.99959,26.515519,37.011293,137.722388,0.795568,1855.917725,0
86.60,3.2 ,153.4285714,87.6,58.5,23.9,45.15,720.8,2.21,8.42,0.303006,22.643004,427.345913,2.362956,238.1009,0.660012,125.919498,55.034993,25.832822,33.501385,138.338208,0.892121,1835.1258,0
85.10,3.2 ,153.4285714,85.3,58.5,23.9,45.15,720.8,2.45,8.85,0.302291,23.189189,421.857275,2.35401,238.03819,0.660073,118.85145,55.040801,25.588707,34.683582,140.686058,0.721531,2895.55155,0
87.19,3.2 ,126.8571429,88.7,58.9,22.3,47.34,723.1,2.49,7.56,0.300145,22.939898,428.370295,2.357339,238.91762,0.659877,123.515475,54.961781,22.924086,33.737884,136.464895,0.805652,1809.73815,11.962643
87.09,3.2 ,126.8571429,88.6,58.9,22.3,47.34,723.1,2.41,7.58,0.298821,22.783612,425.91541,2.359744,239.003608,0.659967,126.70828,54.9794,25.995366,35.010747,136.399355,0.848667,1853.484025,0
87.49,3.5 ,126.8571429,88.7,58.9,22.3,47.34,723.1,2.45,7.66,0.298217,22.742915,421.63645,2.358312,238.603473,0.659939,125.034748,54.997428,26.730194,37.641781,137.312213,0.866302,1640.151775,97.267568
87.50,3.2 ,99.57142857,89,56.9,20.5,47.89,725.7,2.51,7.45,0.301292,22.688905,424.66254,2.360498,238.65485,0.660034,125.705465,55.016874,26.009267,36.372614,137.376258,0.855897,1861.584475,0
87.19,3.2 ,99.57142857,88.4,56.9,20.5,47.89,725.7,2.65,7.26,0.286975,21.996696,421.951708,2.352212,238.842443,0.659995,126.185033,55.043103,27.383551,36.697898,136.69427,0.871227,1853.45285,0
87.30,3.2 ,99.57142857,88.7,56.9,20.5,47.89,725.7,1.88,8.27,0.320683,21.987426,426.663968,2.402651,239.184193,0.659953,125.759748,55.021578,29.765609,33.867347,132.487833,0.83832,2102.236375,0
86.40,3.2 ,99.57142857,88.2,56.9,20.5,47.89,725.7,2.73,7.82,0.29868,19.957496,425.129678,2.397945,233.457988,0.66005,126.631385,55.009674,24.903914,36.313425,132.95239,0.806803,2289.768875,0
87.10,3.2 ,99.57142857,88.2,56.9,20.5,47.89,725.7,2.73,7.82,0.299191,20.390795,428.461163,2.400599,242.005583,0.660009,126.456598,54.992074,27.342267,35.071123,131.88286,0.853635,2440.630775,31.561101
85.99,3.2 ,126.5714286,87.8,56.3,24.8,49.54,723.4,2.24,5.93,0.300682,20.244953,425.474698,2.39687,200.865155,0.65008,124.757773,54.986015,24.970049,32.127193,132.747173,0.80589,2357.577225,0
86.58,3.2 ,126.5714286,87.9,56.3,24.8,49.54,723.4,2.53,5.78,0.318997,21.74288,426.88696,2.396588,180.756203,0.650067,121.694435,54.992143,27.517446,36.682571,132.100765,0.67497,2399.7357,62.706874
85.68,3.2 ,126.5714286,87.5,56.3,24.8,49.54,723.4,2.4,6.75,0.285649,21.830965,426.834093,2.390946,210.983063,0.649899,123.828873,55.007307,29.008296,36.022611,131.573775,0.687853,2541.21105,0
87.18,3.2 ,307.5714286,88.6,56,23.3,50.64,726.5,1.55,7.11,0.352849,11.350653,430.420758,2.343719,190.202595,0.660017,123.407843,54.997623,32.145855,33.831007,91.305858,0.896626,1460.962425,0
87.68,3.2 ,307.5714286,89.1,56,23.3,50.64,726.5,1.89,8.74,0.315401,15.701029,429.37368,2.362909,219.776073,0.649972,125.25271,54.91374,27.498684,34.380406,119.434415,0.770465,1592.34765,34.047615
88.48,3.2 ,313,89.8,56.8,20.4,49.54,725.8,2.52,8.93,0.287997,17.654672,423.956378,2.413725,203.712363,0.66009,128.7543,55.005963,23.714939,32.407244,130.999118,0.759117,951.898398,18.615643
88.98,3.2 ,313,90.4,56.8,20.4,49.54,725.8,1.9,8.79,0.288135,21.369115,423.885428,2.418125,224.12002,0.659937,128.87621,55.015288,29.459374,34.166647,129.930698,0.81136,935.253655,0
88.08,3.2 ,313,89.2,56.8,20.4,49.54,725.8,1.9,6.9,0.286793,21.490598,423.80439,2.416514,217.165058,0.660021,127.297238,54.985524,25.649712,33.72563,130.95387,0.752362,868.516918,0
88.18,3.2 ,312.5714286,89.4,56.3,20.2,48.44,733.5,2.82,12.27,0.289642,19.891154,423.116545,2.415586,234.696798,0.660007,128.454843,55.003643,27.666697,31.503612,130.65836,0.806352,716.110093,0
88.38,3.9 ,312.5714286,89.4,56.3,20.2,48.44,733.5,1.9,9.09,0.294666,20.457105,420.738573,2.415244,234.683815,0.660022,129.984108,55.016531,32.897685,34.637272,129.767273,0.82278,792.360698,0
88.89,3.4 ,225.8571429,90.2,52.5,22.7,48.75,729.7,3.97,6.94,0.242507,18.106792,426.317638,2.400115,238.186098,0.66,130.264733,55.015501,36.730788,34.321903,134.469088,0.865717,983.657223,359.74739
88.79,4.6 ,225.8571429,90,52.5,22.7,48.75,729.7,3.61,9.25,0.242953,18.073896,418.869585,2.39547,237.094688,0.659639,126.305298,55.035439,33.97444,33.417364,135.567678,0.829612,887.768875,0
88.66,3.4 ,208,89.8,57.7,24,48.75,729.2,4.91,8.18,0.235242,18.223317,422.17738,2.396769,237.84424,0.660046,132.29567,55.027237,31.283104,33.153487,129.229195,0.88938,662.926908,0
87.79,3.2 ,208,88.8,57.7,24,48.75,729.2,2.84,7.44,0.239285,17.913413,422.239763,2.395891,238.09871,0.660137,130.563313,54.986043,36.493766,33.980973,133.302388,0.961728,788.675965,0
88.29,3.2 ,208,89.3,57.7,24,48.75,729.2,3.44,8.19,0.245142,18.012894,426.16266,2.399513,237.990585,0.660019,130.324883,54.997404,37.800677,33.822125,134.125465,0.886072,745.753678,0
88.19,3.2 ,254.4285714,89.7,54.8,23.1,45.82,738.7,4.44,8.35,0.241709,18.056774,422.980855,2.399646,238.000208,0.660204,130.425398,55.001055,37.733236,34.696688,135.636108,0.92906,780.673543,0
88.99,3.2 ,254.4285714,89.6,54.8,23.1,45.82,738.7,3.45,7.44,0.248665,17.721166,422.31217,2.398573,237.837423,0.659932,130.969348,54.993771,39.659723,36.630371,133.29543,0.95263,713.131368,0
88.49,3.2 ,254.4285714,89.5,54.8,23.1,45.82,738.7,3.58,7.51,0.240072,17.71064,424.57599,2.398237,238.10651,0.660062,130.062525,54.995339,37.977088,35.753243,135.490205,0.941632,604.245375,0
87.89,3.2 ,232.5714286,89,56.1,25.8,42.89,732.7,3.2,7.52,0.255464,17.595105,424.092323,2.397662,237.790323,0.659963,129.926568,54.974757,39.54772,36.546956,133.843913,0.893376,823.574225,0
87.72,3.2 ,232.5714286,88.7,56.1,25.8,42.89,732.7,3.15,7.38,0.246903,17.607685,422.80805,2.400063,237.964028,0.660074,129.010735,55.018696,38.213774,34.609839,136.497078,0.88576,831.437398,0
88.16,3.2 ,232.5714286,89.1,56.1,25.8,42.89,732.7,3.73,8.2,0.246458,17.589401,425.190488,2.398926,238.311525,0.660093,127.80017,54.997431,33.214882,34.934186,129.143493,0.883961,511.437305,0
88.08,3.2 ,232.5714286,89,56.1,25.8,42.89,732.7,3.73,8.13,0.241998,17.377115,424.325923,2.399169,238.0124,0.660032,129.865145,54.994202,36.073415,35.057776,133.08689,0.870302,525.478,650.45854
88.08,3.2 ,232.5714286,89.8,56.1,25.8,42.89,732.7,3.58,7.32,0.249574,17.556566,426.61999,2.400065,237.885855,0.659962,128.737275,54.994133,35.41752,33.523271,132.852335,0.853689,559.503253,496.982253
88.19,3.2 ,232.5714286,89.4,56.1,25.8,42.89,732.7,4.33,10.73,0.248931,17.734374,424.159788,2.398322,238.148513,0.65996,124.682983,55.1946,34.257288,33.0911,133.866028,0.857955,460.158473,461.19781
88.86,3.2 ,232.5714286,89.9,56.1,25.8,42.89,732.7,4.33,10.73,0.251865,17.253503,423.844358,2.397556,237.989365,0.660128,125.516263,46.012983,32.977534,34.315829,128.38575,0.88591,284.28693,517.030578
88.96,3.2 ,231.4285714,90.1,50.4,26.2,43.82,735.15,5.07,11.34,0.248734,17.17281,425.854098,2.399164,238.01608,0.660127,124.95745,46.004333,31.656634,33.233465,128.640228,0.920137,285.93503,0
89.16,5.3 ,231.4285714,90.2,50.4,26.2,43.82,735.15,3.44,9.68,0.233677,17.584531,420.858285,2.401576,238.0177,0.660009,126.85274,45.962813,33.820723,35.029967,132.85771,0.880399,274.251205,0
88.66,5.1 ,231.4285714,89.8,50.4,26.2,43.82,735.15,3.22,8.51,0.253593,16.685665,424.815638,2.398954,238.12381,0.660005,126.660028,45.986127,33.792832,36.9116,127.466243,0.891406,365.394745,0
89.56,4.3 ,231.4285714,90.1,50.4,26.2,43.82,735.15,3.48,10.67,0.232117,17.440714,423.964413,2.401949,237.81697,0.660179,128.2499,46.019762,33.124049,36.897491,133.786073,0.893946,408.938968,500.261683
88.46,3.2 ,231.4285714,89.8,50.4,26.2,43.82,735.15,6.81,13.11,0.242765,16.819375,425.708715,2.39796,237.897058,0.660118,127.114555,46.031182,30.193381,34.076012,129.653075,0.907221,428.705605,591.726998
88.76,3.4 ,231.4285714,90,50.4,26.2,43.82,735.15,1.58,7.45,0.242605,16.368666,422.499975,2.397636,238.017705,0.659897,126.602083,45.995602,29.256279,31.683887,128.390438,0.922653,456.146685,710.534383
88.26,3.5 ,231.4285714,89.7,50.4,26.2,43.82,735.15,1.58,7.45,0.257507,16.833972,425.092608,2.39928,238.183313,0.660001,126.27238,46.016653,32.575509,34.846218,128.628713,0.880815,419.992803,578.974605
88.36,3.2 ,188.4285714,89.4,52.3,23.5,42.72,728.8,2.54,5.97,0.229733,18.209608,424.669703,2.43773,238.097723,0.65995,132.092925,46.010502,31.523373,32.476865,138.147523,0.87143,750.154955,725.129173
88.86,4.1 ,188.4285714,89.9,52.3,23.5,42.72,728.8,2.71,6.8,0.227725,18.177875,421.235843,2.436289,237.785593,0.660031,132.237968,45.983958,34.117969,35.193593,139.06205,0.863598,937.494365,0
88.66,5.1 ,188.4285714,89.1,52.3,23.5,42.72,728.8,3.25,7.52,0.25202,17.053423,423.461105,2.399397,237.83928,0.659879,121.432833,45.996678,31.17291,34.227702,132.558593,0.864877,930.13237,663.186813
88.96,3.2 ,162.2857143,90.1,54.8,21.3,42.72,718.3,5.6,7.9,0.242354,17.947924,424.31617,2.404361,237.850068,0.660055,129.137808,45.997865,31.654909,34.876461,134.653633,0.863165,1065.458475,736.254378
87.66,5.3 ,162.2857143,88.8,54.8,21.3,42.72,718.3,6.04,8.4,0.270474,16.442973,420.248195,2.394457,238.889798,0.647972,130.111813,46.001793,34.849894,36.571981,128.83896,0.857612,1309.150775,580.998605
87.16,3.2 ,162.2857143,88.3,54.8,21.3,42.72,718.3,6.33,8.58,0.302039,16.487751,423.95168,2.315277,237.86859,0.639048,128.112525,45.893334,37.567813,37.991434,123.743273,0.932841,1154.2424,2491.23905
85.96,3.2 ,167,87.3,57,21.5,58.11,734.3,6.38,10.62,0.277964,21.149335,425.746483,2.282833,242.19979,0.660009,119.406475,50.111315,34.407905,36.760629,127.708225,0.79606,868.351673,2216.256
86.56,3.2 ,167,87.5,57,21.5,58.11,734.3,5.54,9.56,0.2618,21.953468,425.3154,2.327859,245.799998,0.659983,115.601238,50.013827,30.350292,34.776889,132.259475,0.810831,345.750233,2498.11
86.16,3.2 ,167,87.5,57,21.5,58.11,734.3,6.17,10.47,0.257949,22.468305,425.299583,2.332159,246.003505,0.659998,116.296183,49.950964,29.540233,34.223778,132.286833,0.937952,528.95581,2893.021825
86.29,3.2 ,307.2857143,87.8,53.6,20.5,58.11,721.8,6.33,11.22,0.249024,21.933501,426.624118,2.343039,239.806113,0.659977,120.955955,49.967601,28.870723,32.432439,136.90975,0.710789,1096.928295,0
89.09,4.8 ,307.2857143,90.6,53.6,20.5,58.11,721.8,5.94,10,0.26381,21.514342,428.098418,2.385232,228.045288,0.659983,126.817113,49.877011,29.971737,32.439141,134.780155,0.768817,288.754388,0
89.49,3.2 ,307.2857143,90.2,53.6,20.5,58.11,721.8,9.37,12.19,0.263415,21.438785,428.609538,2.381479,236.382723,0.659987,125.809108,50.015678,28.324245,31.85025,135.167093,0.776478,658.5573,0
89.69,6.5 ,244,90.4,55.1,20.7,58.11,719,3.82,9.1,0.251452,22.804042,426.46913,2.407287,234.448225,0.659959,127.235168,49.991314,34.188968,33.566509,140.919798,0.859927,298.049588,0
89.09,5.3 ,244,90.3,55.1,20.7,58.11,719,5.63,10.67,0.257596,22.045566,427.0691,2.403156,235.79889,0.66,127.467463,50.013165,33.636231,36.874426,138.641118,0.804878,267.052978,0
88.29,3.2 ,244,89.3,55.1,20.7,58.11,719,5.16,10.31,0.245353,22.239154,430.336268,2.417591,236.962988,0.659869,126.765208,50.004238,28.34792,34.592373,141.86108,0.787808,351.472533,0
88.49,3.2 ,253,89.9,54.9,18.4,55.92,721.2,4.3,7.49,0.245593,22.860992,428.477905,2.4175,241.042475,0.660075,127.898073,49.988131,31.578213,37.1776,142.512645,0.870628,199.236571,0
88.29,3.2 ,253,89.4,54.9,18.4,55.92,721.2,3.88,7.31,0.243075,22.188019,428.961795,2.43116,240.779168,0.659989,125.932823,50.195057,27.501715,33.344915,141.588993,0.82099,603.212935,0
88.69,7.5 ,253,90,54.9,18.4,55.92,721.2,5.51,10.21,0.243827,22.047648,428.914488,2.435699,234.493988,0.660008,127.40209,49.965846,28.697618,34.410533,141.61578,0.821568,521.311145,0
88.49,3.2 ,288.8571429,89.9,58.3,19.7,52.63,721.1,4.11,6.5,0.24597,22.413006,428.709595,2.435065,242.051018,0.66002,126.94291,49.993559,33.725881,36.75398,141.05934,0.792015,591.081895,0
88.49,3.2 ,288.8571429,89.7,58.3,19.7,52.63,721.1,5.87,8.96,0.241173,22.425309,429.383965,2.443612,238.934018,0.659976,127.40856,49.741674,31.079138,33.460613,142.836355,0.826826,680.951978,0
88.39,3.2 ,288.8571429,89.7,58.3,19.7,52.63,721.1,5.55,9.92,0.243262,20.315593,429.659388,2.45177,239.79855,0.660033,127.645403,50.039198,32.276682,35.175934,140.78047,0.840098,711.400663,0
88.29,3.2 ,288.8571429,89.7,58.3,19.7,52.63,721.1,9.01,4.96,0.234661,22.377783,427.10406,2.456904,245.462795,0.659638,127.201665,49.981722,33.654601,35.139464,144.370445,0.852402,765.98592,0
88.29,4.0 ,310.7142857,89.7,50.5,22.3,61.33,724.8,4.96,9.01,0.232352,22.951696,427.44904,2.458066,243.422865,0.660025,128.713238,49.812455,33.741737,35.557651,145.06691,0.927493,771.509133,0
88.29,5.0 ,310.7142857,89.6,50.5,22.3,61.33,724.8,9.64,5.45,0.23468,22.08082,425.41889,2.430552,245.93496,0.659957,127.283335,50.723211,33.214121,37.28052,146.441983,0.891016,970.850913,0
88.09,3.2 ,310.7142857,89.2,50.5,22.3,61.33,724.8,5.6,9.88,0.247914,22.295066,425.416273,2.426581,239.75396,0.660011,126.977268,49.984653,35.30618,33.356626,142.392563,0.865068,856.059738,0
87.99,3.2 ,310.7142857,89.4,50.5,22.3,61.33,724.8,4.67,9.34,0.235656,22.161823,428.347453,2.428392,242.18161,0.660142,127.54044,49.993651,30.530314,34.008907,144.691903,0.882531,1009.490268,0
88.39,5.2 ,355,89.4,50.9,21.5,70.03,726.4,5.45,10.25,0.268405,20.213627,426.97772,2.372069,240.3941,0.66,125.597778,50.030876,30.010831,34.176291,135.398798,0.874357,590.547055,0
88.99,3.6 ,355,90,50.9,21.5,70.03,726.4,5.43,10.01,0.26663,20.238201,429.778483,2.354723,239.909188,0.659996,112.1496,50.075262,26.23928,33.654591,136.96472,0.868863,622.59785,0
89.98,9.8 ,355,91.1,50.9,21.5,70.03,726.4,5.31,10.23,0.274822,19.274783,428.13788,2.361901,228.96759,0.660008,124.81616,49.988829,28.86276,37.058344,132.647363,0.795605,347.2049,0
89.78,7.3 ,355,90.9,50.9,21.5,70.03,726.4,4.91,9.52,0.266535,20.388641,429.540735,2.371055,243.385368,0.659953,126.660055,50.04713,31.638236,36.485613,133.77519,0.743395,170.688776,0
89.76,6.9 ,226,90.9,53,20.9,61.825,722,8.72,11.77,0.268532,20.094799,430.11984,2.388207,246.91599,0.66001,126.073665,50.015659,32.532854,31.510595,129.496568,0.785041,113.555586,0
89.86,9.9 ,226,91,53,20.9,61.825,722,7.35,11.57,0.270549,18.571822,428.592838,2.366867,235.69908,0.660004,122.489903,50.005027,28.201659,34.685668,129.477358,0.696988,313.62956,0
89.78,3.5 ,226,91,53,20.9,61.825,722,3,10.07,0.253119,20.50294,427.296108,2.37233,239.921098,0.660021,122.892348,50.002957,30.768154,33.834818,136.886733,0.692173,426.719278,0
89.58,3.2 ,213.1428571,90.8,50.8,22.3,53.62,730.9,6.37,11.87,0.253403,20.167357,426.921908,2.371811,245.16861,0.660082,122.385245,50.043948,27.204883,32.747975,134.816968,0.731134,311.87277,0
89.48,3.2 ,213.1428571,90.8,50.8,22.3,53.62,730.9,1.71,6.88,0.235072,21.365799,428.432498,2.374401,244.619388,0.660031,123.064845,50.184062,28.265558,36.922894,137.724573,0.776804,188.337388,0
89.48,3.4 ,213.1428571,90.7,50.8,22.3,53.62,730.9,7.44,10.54,0.251263,21.355395,427.806043,2.38276,244.182498,0.660079,123.56193,50.040692,29.792983,37.544631,137.775065,0.791716,248.033345,0
89.58,4.2 ,213.1428571,90.7,50.8,22.3,53.62,730.9,7.81,12.24,0.25357,21.303188,427.188318,2.380797,244.039663,0.660027,123.232933,49.983976,29.101655,31.941078,137.33015,0.767647,229.96167,0
89.48,4.8 ,261.8571429,90.4,53.9,23.8,55.26,721.9,6.61,10.85,0.275682,21.106079,428.58315,2.402009,245.168618,0.659984,123.31276,49.994469,30.669258,33.306859,137.011238,0.79275,0,0
89.78,3.2 ,261.8571429,91,53.9,23.8,55.26,721.9,7.15,10.67,0.260195,20.566592,423.446428,2.399663,242.3771,0.659937,121.472438,49.759443,28.176201,33.121989,136.805478,0.707475,217.510268,0
89.18,4.0 ,261.8571429,90.6,53.9,23.8,55.26,721.9,2.16,7.98,0.250517,19.804415,429.32987,2.415591,245.313563,0.659988,123.011925,49.933939,30.312986,35.714937,137.860803,0.733093,125.40513,0
89.18,3.2 ,261.8571429,90.5,53.9,23.8,55.26,721.9,5.7,9.76,0.249343,20.109826,429.69149,2.416057,242.307418,0.659975,122.701083,49.955381,30.551633,35.578377,137.53094,0.776481,0,0
89.08,4.1 ,194.1428571,90.1,55.8,20.2,56.9,729.5,2.38,9.26,0.253081,19.96624,427.582328,2.416494,245.334815,0.660024,123.025225,50.000267,31.634287,33.724147,136.182558,0.795444,250.23244,0
89.08,5.4 ,194.1428571,90.4,55.8,20.2,56.9,729.5,1.68,8.44,0.240541,20.657543,426.108295,2.419694,239.416495,0.659984,123.39609,49.96836,28.662121,31.532266,140.225863,0.812357,0,0
89.08,4.1 ,194.1428571,90.4,55.8,20.2,56.9,729.5,2.45,10.1,0.252205,19.603053,427.635963,2.414211,240.3546,0.660051,123.751745,50.001576,33.148257,33.817775,135.543468,0.838271,210.369295,0
89.18,4.3 ,194.1428571,90.5,55.8,20.2,56.9,729.5,2.09,8.57,0.250985,20.084701,427.227935,2.41501,245.34048,0.66,124.695408,49.948765,33.298718,38.138956,135.248168,0.817885,224.138448,0
89.18,3.4 ,181,90.5,59,21.3,56.69,722,1.88,6.5,0.257901,18.80507,428.091245,2.41332,243.731743,0.660029,123.993925,50.014945,33.540861,37.540884,133.89589,0.829162,265.877023,0
89.08,3.2 ,181,90.4,59,21.3,56.69,722,1.62,6.13,0.258993,18.664882,428.042723,2.411911,242.47106,0.659994,123.544463,49.971376,32.112839,35.913645,133.909493,0.806157,129.489435,0
88.98,4.8 ,181,90.3,59,21.3,56.69,722,2.16,7.94,0.240824,20.119158,425.956205,2.419156,241.120693,0.659966,124.44952,49.956782,33.760107,35.303547,139.919405,0.83275,254.58215,0
88.59,3.5 ,284.1428571,89.7,51.56,19.39,51.93,721.7,2.18,8.21,0.252001,19.004688,426.63547,2.416928,245.790315,0.660003,122.412008,49.921823,30.014948,34.768967,140.002693,0.789406,394.907035,0
89.16,5.6 ,288.1428571,90.5,51.89,21.15,50.83,726.9,1.44,3.76,0.249082,20.517984,423.941385,2.445555,242.180563,0.654576,126.587688,49.447244,29.953672,33.340946,141.25107,0.808988,872.650465,0
89.10,3.3 ,253.4285714,90.4,49.42,24.08,50.83,723.7,2.08,4.44,0.249306,20.554705,423.995485,2.447085,242.375473,0.654195,126.896703,49.42319,29.937672,33.318368,141.298618,0.810557,906.688678,0
89.10,4.7 ,253.4285714,90.3,49.42,24.08,50.83,723.7,1.71,4.25,0.24953,20.591425,424.04959,2.448615,242.570385,0.653814,127.205715,49.399138,29.921672,33.29579,141.346155,0.812125,940.726893,0
88.90,4.2 ,253.4285714,90,49.42,24.08,50.83,723.7,1.91,4.48,0.249865,20.646505,424.130743,2.45091,242.862755,0.653242,127.669248,49.363058,29.897673,33.261923,141.4175,0.814478,991.78421,0
89.10,4.1 ,352.2857143,90.2,46.39,22.56,48.65,729.9,1.41,3.81,0.250089,20.683226,424.184848,2.45244,243.057668,0.652862,127.978258,49.339005,29.881673,33.239345,141.465038,0.816047,1025.82245,0
89.10,6.2 ,352.2857143,90.2,46.39,22.56,48.65,729.9,1.86,4.55,0.250313,20.719946,424.238953,2.45397,243.252575,0.652481,128.287268,49.314952,29.865674,33.216766,141.512585,0.817616,1059.860675,0
89.10,3.2 ,352.2857143,90.3,46.39,22.56,48.65,729.9,2.05,4.47,0.250648,20.775026,424.320103,2.456265,243.54495,0.651909,128.750798,49.278873,29.841675,33.182899,141.5839,0.819969,1110.917975,0
89.40,3.9 ,343.4285714,90.6,45.77,20.47,48.65,722.6,1.96,4.79,0.250872,20.811747,424.37421,2.457795,243.73986,0.651529,129.059813,49.25482,29.825675,33.160321,141.63145,0.821538,1144.9562,0
89.20,3.3 ,343.4285714,90.5,45.77,20.47,48.65,722.6,2.14,4.65,0.251095,20.848467,424.428313,2.459325,243.93477,0.651148,129.368825,49.230766,29.809675,33.137743,141.678995,0.823106,1178.99445,0
89.10,7.7 ,343.4285714,90.1,45.77,20.47,48.65,722.6,1.96,4.62,0.251431,20.903547,424.509465,2.46162,244.227143,0.650576,129.832355,49.194688,29.785675,33.103876,141.7503,0.825459,1230.051725,0
89.40,4.8 ,296.7142857,90.1,47.54,22.06,47.795,733.6,1.97,4.7,0.251655,20.940268,424.56357,2.46315,244.422055,0.650195,130.141368,49.170635,29.769675,33.081298,141.79785,0.827028,1264.08995,0
88.80,4.7 ,296.7142857,89.9,47.54,22.06,47.795,733.6,1.99,4.43,0.251878,20.976988,424.617678,2.46468,244.616965,0.649815,130.45038,49.146581,29.753676,33.05872,141.8454,0.828597,1298.1282,0
89.30,3.4 ,296.7142857,90.4,47.54,22.06,47.795,733.6,2.14,4.73,0.234703,20.816888,425.201908,2.464822,244.833473,0.649953,130.261233,50.048197,29.184637,32.59959,143.882718,0.823162,1644.2349,0
90.10,3.2 ,252.1428571,91.4,45.51,22.18,46.94,725.3,2.33,4.77,0.238079,21.02783,427.056083,2.466824,245.574785,0.650026,129.80586,49.922713,31.514444,34.264188,144.610113,0.811582,1324.462945,0
89.60,3.2 ,252.1428571,90.7,45.51,22.18,46.94,725.3,1.6,3.63,0.236791,20.626183,421.09715,2.462034,247.384585,0.650036,129.681483,50.484247,30.684563,34.058567,146.378683,0.792828,1958.85975,0
89.30,3.2 ,210.5714286,90.6,44.28,21.89,47.215,730.8,2.1,4.32,0.238732,21.654592,425.007743,2.470669,245.188863,0.650054,129.27247,50.038576,28.875277,32.968604,147.738625,0.800212,98.043455,0
89.20,4.7 ,210.5714286,90.4,44.28,21.89,47.215,730.8,1.62,3.94,0.239175,21.213952,425.35066,2.466572,245.130635,0.650022,128.126145,49.958554,31.240913,35.20389,147.218235,0.828454,928.422257,0
89.20,3.2 ,210.5714286,90.5,44.28,21.89,47.215,730.8,1.93,4.42,0.239477,20.561728,423.357913,2.440294,245.05204,0.64999,131.916358,49.962915,32.722844,36.790543,143.830075,0.889789,1322.712088,0
89.00,3.2 ,210.5714286,90.2,44.28,21.89,47.215,730.8,1.71,4.44,0.241006,20.613202,425.44833,2.435853,244.93102,0.650045,129.994483,49.88524,31.592882,34.689573,142.786925,0.865347,1255.905098,0
89.00,3.2 ,210.5714286,90.1,44.28,21.89,47.215,730.8,2.61,4.32,0.239397,20.415143,424.488838,2.432678,245.03408,0.650017,130.098848,50.048235,29.196719,33.179534,141.914065,0.838051,1657.13195,0
89.09,3.2 ,210.5714286,90.4,44.28,21.89,47.215,730.8,1.55,4.02,0.254061,20.888676,426.91242,2.458816,244.951868,0.650004,130.222138,49.8596,32.376503,35.570775,142.53738,0.859795,1127.172425,0
88.59,5.1 ,275.2857143,89.9,51.8,20.73,48.035,724.6,1.43,3.27,0.241468,20.53391,425.83092,2.433468,244.959208,0.649986,129.880848,50.008572,28.531216,33.154774,140.844803,0.82506,30.577824,0
88.60,3.3 ,275.2857143,89.8,51.8,20.73,48.035,724.6,1.47,3.19,0.244711,20.685329,424.423183,2.437165,245.002785,0.649978,130.419725,50.023722,32.072586,34.696991,144.092833,0.834904,1095.548027,0
88.80,4.9 ,275.2857143,90,51.8,20.73,48.035,724.6,1.35,3.23,0.240312,21.325131,427.471068,2.437917,245.134093,0.650001,129.755678,49.973602,31.649058,33.986893,143.384788,0.764278,1532.986508,0
89.02,5.7 ,275.2857143,90.3,51.8,20.73,48.035,724.6,1.32,3.64,0.247673,20.636243,425.055093,2.435192,244.80079,0.655964,130.45204,50.005703,32.122148,33.981636,142.110278,0.79615,591.599723,0
89.28,3.2 ,288.8571429,90.5,46.9,19.88,48.58,726,1.62,4.24,0.23575,20.994992,421.992843,2.456097,245.46663,0.655999,124.224225,50.109607,29.687235,33.20482,142.379483,0.803219,428.101944,0
88.99,3.8 ,288.8571429,90.2,46.9,19.88,48.58,726,1.44,4.21,0.237492,20.229486,424.548243,2.454788,245.086825,0.650088,127.60193,50.122652,32.625684,34.770097,141.154453,0.822304,261.210458,0
89.08,3.5 ,288.8571429,90.3,46.9,19.88,48.58,726,2.7,3.98,0.238499,20.638876,423.563313,2.457837,245.06403,0.650021,125.949395,50.010418,32.098429,35.438013,143.468105,0.848247,743.190105,0
88.89,4.6 ,302.1428571,90.1,43.7,23.99,48.58,727.3,1.42,3.78,0.240461,20.081457,423.307208,2.453129,245.04989,0.649987,125.798898,50.075214,31.49205,35.042478,141.062048,0.84773,471.113021,0
88.59,4.9 ,302.1428571,89.9,43.7,23.99,48.58,727.3,1.47,3.83,0.236342,20.6188,424.218833,2.458487,245.075263,0.65002,128.875083,49.962377,32.988151,35.354104,144.514405,0.882867,500.902953,0
89.06,4.0 ,302.1428571,90.3,43.7,23.99,48.58,727.3,2.61,4.13,0.248695,20.876655,423.1545,2.41863,244.631328,0.649992,124.660025,50.063162,31.192814,34.723613,139.38786,0.833484,228.260278,0
89.06,5.1 ,324.5714286,90.3,49.99,19.18,44.21,726.7,1.42,4.05,0.256923,20.225533,425.286263,2.416836,244.896258,0.649975,124.488978,50.023703,31.976806,34.812567,136.631865,0.902209,164.77759,0
88.26,3.2 ,324.5714286,89.7,49.99,19.18,44.21,726.7,1.59,3.95,0.253738,20.747644,425.027703,2.423672,244.157723,0.649697,124.662183,49.463544,31.855642,33.389494,138.268355,0.872608,0,0
88.96,7.8 ,324.5714286,89.7,49.99,19.18,44.21,726.7,1.69,3.92,0.271034,20.200224,423.844188,2.418549,244.940768,0.649946,123.970513,50.000165,30.566923,31.769522,135.85955,0.881532,881.715888,0
88.46,6.5 ,300.7142857,89.7,46.85,22.66,44.21,734.9,4.31,4.75,0.273776,19.849309,423.081988,2.435072,245.048023,0.650021,123.51212,49.940918,29.931047,31.547205,135.247983,0.788748,409.483973,0
88.16,7.8 ,300.7142857,89.4,46.85,22.66,44.21,734.9,1.54,3.73,0.26261,20.485468,424.062783,2.448037,244.938473,0.649991,124.676348,50.216479,33.015312,34.354108,138.11156,0.709804,645.098183,0
88.26,4.5 ,300.7142857,89.6,46.85,22.66,44.21,734.9,1.57,3.51,0.270555,19.721116,421.793605,2.441896,245.032905,0.650004,123.574875,50.074007,33.276288,34.243315,136.22628,0.749073,641.457115,0
87.96,3.2 ,251.5714286,89.3,49.9,20.57,57.37,724,2.6,3.57,0.253022,21.142709,426.106003,2.448724,244.78054,0.650021,123.2855,50.070492,33.325674,34.680688,140.707075,0.771464,1195.891433,0
88.96,5.4 ,251.5714286,89.8,49.9,20.57,57.37,724,1.44,2.94,0.262731,20.566409,426.19172,2.445211,244.950935,0.649979,124.282065,49.941408,33.736507,34.33968,136.62889,0.812802,994.668273,0
88.36,3.2 ,251.5714286,89.7,49.9,20.57,57.37,724,4.93,4.64,0.281255,20.008745,425.49096,2.444045,245.58172,0.650024,122.664203,49.924272,31.922412,32.885565,134.072938,0.830943,1016.842955,0
88.66,3.2 ,235.1428571,90,48.34,22.66,57.37,724.4,1.19,3.46,0.25482,22.320159,423.490803,2.463224,244.946743,0.649999,124.078675,49.997633,33.16555,34.737754,143.321283,0.798508,1005.004018,0
88.46,3.2 ,235.1428571,89.7,48.34,22.66,57.37,724.4,4.44,7.08,0.252627,22.2592,424.01203,2.46374,244.992148,0.649989,123.814493,50.037138,33.181129,34.45151,143.125088,0.843778,833.418748,0
88.09,3.8 ,235.1428571,89.4,48.34,22.66,57.37,724.4,6.89,10.12,0.254268,21.038539,423.844348,2.45509,244.85984,0.649977,128.0239,50.073349,34.381036,35.064706,143.141083,0.845387,1281.51762,0
88.69,5.6 ,251.8571429,90,47.1,21.7,56.55,725.2,1.51,4.35,0.252265,21.227905,421.662,2.457822,244.70483,0.650016,128.525765,50.004831,35.396228,34.856113,144.819003,0.802165,1383.3119,0
88.80,4.8 ,251.8571429,89.9,47.1,21.7,56.55,725.2,2.98,7.58,0.247819,21.970498,422.082775,2.470645,244.886913,0.649995,128.832818,50.04571,38.439526,37.517358,147.935433,0.880886,1433.271555,0
88.72,3.4 ,251.8571429,90,47.1,21.7,56.55,725.2,1.12,5.58,0.262866,21.007234,424.27075,2.476152,245.507245,0.650021,127.870583,49.902209,36.269315,35.218812,144.108235,0.847937,148.21118,0
88.45,4.4 ,206.4285714,89.5,45.09,23.87,55.73,728.1,5.15,7.47,0.250527,23.44026,421.823265,2.505358,245.04713,0.649993,128.164845,50.026478,35.050166,36.708644,152.13823,0.847924,370.263107,0
88.12,3.2 ,206.4285714,89.2,45.09,23.87,55.73,728.1,1.29,10.12,0.251548,23.006658,420.625548,2.505666,245.193648,0.649971,128.72098,49.995119,35.85645,36.774936,151.934333,0.844451,417.196748,0
88.75,4.3 ,206.4285714,89.9,45.09,23.87,55.73,728.1,1.11,6.83,0.247802,22.009332,420.724663,2.479955,245.079303,0.650012,129.93753,49.980357,36.450293,35.830932,145.955463,0.846182,871.87957,0
88.76,3.5 ,217.8571429,89.9,50.88,21.48,56.28,726.3,6.95,7.52,0.27709,21.224082,422.973915,2.463277,244.278343,0.64998,126.78969,50.341491,34.52993,34.667642,130.579565,0.843666,865.79663,0
88.46,4.1 ,217.8571429,89.6,50.88,21.48,56.28,726.3,1.27,5.86,0.231329,22.688763,418.556438,2.470311,245.059838,0.649944,126.984965,49.986563,35.392409,35.715697,141.134238,0.849463,125.778435,0
88.36,7.2 ,217.8571429,89.4,50.88,21.48,56.28,726.3,4.06,7.79,0.263657,27.169268,421.887118,2.468333,244.535615,0.649738,127.13465,50.980172,36.177371,37.112209,134.8675,0.847673,164.503358,0
87.88,7.4 ,252.7142857,89,49.61,25.02,53,733.5,3.99,7.68,0.268528,25.688755,421.698218,2.447713,244.328683,0.649779,126.880508,50.871216,35.892285,36.958088,135.610008,0.845033,465.29358,0
88.18,3.2 ,199,89.3,60.06,25.02,53,726.5,3.61,4.8,0.273399,24.208241,421.509325,2.427093,244.121748,0.649819,126.626363,50.76226,35.607198,36.803967,136.352508,0.842393,766.083805,0
88.00,5.2 ,252.7142857,89.3,49.61,25.02,53,733.5,6.1,8.55,0.280706,21.987472,421.22597,2.396164,243.81135,0.64988,126.245148,50.598825,35.179567,36.572784,137.466263,0.838433,1217.269125,0
88.22,10.6 ,85.85714286,89.3,49.63,20.99,50.81,727,1.3,5.61,0.285577,20.506959,421.03707,2.375544,243.604415,0.649921,125.991003,50.489868,34.89448,36.418664,138.208768,0.835793,1518.05935,0
87.52,3.2 ,85.85714286,88.7,49.63,20.99,50.81,727,2.55,10.1,0.290448,19.026448,420.848163,2.354924,243.397488,0.649961,125.736863,50.380911,34.609393,36.264543,138.951275,0.833153,1818.84955,0
87.72,3.2 ,85.85714286,89,49.63,20.99,50.81,727,8.92,12.28,0.268477,21.223776,424.12656,2.36588,245.148468,0.649988,126.79766,49.918122,34.244939,35.977647,137.90419,0.801261,2055.080125,0
87.85,3.2 ,118.2857143,89,50.78,22.82,49.72,726.5,7.77,10.68,0.271662,21.222581,422.599438,2.366841,244.989058,0.650032,124.712655,50.003032,33.002802,37.129522,138.99614,0.719127,1793.901,0
87.85,3.2 ,118.2857143,89.1,50.78,22.82,49.72,726.5,6.78,8.21,0.281411,19.731644,426.073785,2.366996,244.86915,0.650028,126.513545,49.947801,33.97878,36.886109,139.124308,0.883286,2000.3824,0
87.95,6.1 ,118.2857143,88.6,50.78,22.82,49.72,726.5,1.71,4.93,0.287452,18.167657,418.126585,2.364204,245.595298,0.650025,115.468943,50.069768,31.15486,34.682821,138.980738,0.520918,1475.04485,0
88.62,8.5 ,210.8571429,89.7,46.3,20.69,56.28,723.9,6.39,6.93,0.246179,26.440406,418.32483,2.485176,244.882283,0.649985,131.107928,50.004211,32.7905,35.951182,147.506545,0.809936,1251.92029,0
88.85,6.0 ,210.8571429,90,46.3,20.69,56.28,723.9,1.61,4.59,0.257295,25.432585,421.150175,2.462264,244.930313,0.650028,130.36414,50.076049,32.962725,34.979868,146.349528,0.927227,1704.826055,0
88.75,6.3 ,210.8571429,90,46.3,20.69,56.28,723.9,4.9,8.27,0.259134,23.545288,424.813463,2.434619,245.039355,0.649999,129.576563,49.877568,32.073875,34.94299,148.03402,0.7493,1534.166275,0
88.72,10.4 ,245.5714286,89.8,47.33,19.97,55.81,726.4,7.15,9.88,0.253973,21.368523,420.24717,2.430133,245.083563,0.649986,130.51426,49.971552,32.324899,34.985042,144.499573,0.80034,1652.429425,0
88.62,7.4 ,245.5714286,89.7,47.33,19.97,55.81,726.4,6.22,9.61,0.249803,19.606479,422.669665,2.41336,244.8575,0.649976,127.834363,49.940527,31.345909,34.421085,142.86001,0.736305,1298.486628,0
88.70,7.0 ,245.5714286,89.9,47.33,19.97,55.81,726.4,5.57,8.76,0.255122,18.384414,425.331228,2.406744,167.0459,0.649981,131.869893,49.701018,31.026107,32.785409,137.477188,0.687334,1527.9504,0
88.65,4.4 ,245,89.8,45.69,19.64,58,725.3,3.37,8.6,0.251698,18.902753,417.387095,2.410954,245.025785,0.649975,129.16286,49.994923,29.566225,33.251148,146.247678,0.808983,1748.029495,0
89.05,3.5 ,245,90.3,45.69,19.64,58,725.3,3.33,6.29,0.258423,18.052655,422.2712,2.410376,244.924553,0.65003,128.704058,49.8729,30.655869,32.879296,143.339333,0.885174,1882.54545,0
88.65,8.4 ,245,89.8,45.69,19.64,58,725.3,3.97,8.46,0.250815,19.631575,422.766278,2.38449,244.828353,0.650035,128.780558,49.914828,31.51819,35.873132,148.276355,0.802598,1397.76862,0
89.15,4.2 ,254.7142857,90.4,43.24,22.86,60.73,724.3,6.4,10.95,0.265056,17.813744,424.36324,2.367952,244.96276,0.650029,127.92647,49.99971,29.660604,32.481574,139.320283,0.825922,1541.948145,0
88.65,3.2 ,254.7142857,90.3,43.24,22.86,60.73,724.3,3.18,8.42,0.249154,19.473301,421.67562,2.375649,244.899825,0.650001,130.872688,50.026663,34.746331,37.805151,146.555145,0.871615,1501.98475,0
88.95,5.0 ,254.7142857,90,43.24,22.86,60.73,724.3,3.99,8.73,0.263539,17.733658,428.246235,2.397022,244.924745,0.650066,130.01799,49.972443,31.6114,34.760249,138.929678,0.879996,1257.074345,0
89.52,5.9 ,254.7142857,90.7,43.24,22.86,60.73,724.3,4.82,10.43,0.256952,17.797678,422.196638,2.38929,244.859543,0.650001,128.944753,49.993634,31.103516,34.600812,140.052733,0.870608,904.835357,0
89.75,4.9 ,254.7142857,90.8,43.24,22.86,60.73,724.3,4.76,8.4,0.275087,17.825372,420.961348,2.39028,245.035875,0.650008,129.351743,50.014573,33.520163,36.548863,140.127693,0.857319,1726.488325,0
89.05,9.0 ,254.7142857,90.1,43.24,22.86,60.73,724.3,4.76,8.4,0.255545,19.5155,424.817923,2.390301,245.0162,0.650021,128.483148,50.360946,31.289132,34.668707,144.337395,0.812467,1434.387173,0
88.75,3.2 ,331.1428571,90,46.76,18.59,53.62,716.8,5.42,11.05,0.255587,18.066577,425.118263,2.369111,244.847293,0.649973,129.579133,50.026506,30.912161,35.203984,140.133728,0.843077,1412.8163,0
88.32,4.7 ,331.1428571,89.4,46.76,18.59,53.62,716.8,4.65,9.88,0.25015,17.883723,424.891695,2.368523,244.795493,0.650006,130.19927,49.958075,32.487927,36.311869,140.257695,0.820545,1302.334225,0
88.82,3.2 ,331.1428571,90.1,46.76,18.59,53.62,716.8,5.12,9.65,0.272025,17.076536,425.514713,2.335831,245.312488,0.650014,128.10888,49.976971,32.487527,37.549961,136.03505,0.913252,415.76725,0
88.56,7.6 ,331.1428571,89.8,46.76,18.59,53.62,716.8,6.62,10.77,0.265068,17.313184,422.943145,2.31674,244.808513,0.649936,127.017788,50.087823,30.647421,36.074168,130.70876,0.821357,1021.293608,0
88.95,6.2 ,373.7142857,90.1,43.42,24.06,59.09,735.3,5.19,9.38,0.256338,16.74129,424.640278,2.315991,245.254073,0.649968,129.092498,49.946846,31.277753,37.162244,138.85486,0.878829,1786.6483,0
89.05,8.5 ,392,90.3,55.05,24.06,59.09,725.2,3.77,9.24,0.262391,17.163226,422.55968,2.31359,246.14302,0.649974,127.63698,50.05957,30.012274,35.56212,138.61864,0.834794,972.17606,0
88.75,5.5 ,373.7142857,89.9,43.42,24.06,59.09,735.3,6.84,10.34,0.263049,16.761414,423.546233,2.325528,244.784785,0.650001,127.01962,49.928034,31.541715,35.578718,138.4455,0.844182,1864.23655,0
89.25,3.3 ,348.4285714,90.4,46.58,21.07,60.19,724.2,11.09,14.16,0.248665,19.007945,424.59842,2.292291,244.843105,0.649991,129.20277,49.904122,32.610916,37.323444,143.801388,0.895054,1899.623375,0
88.35,9.0 ,348.4285714,89.5,46.58,21.07,60.19,724.2,5.3,11.1,0.249422,18.911469,421.318818,2.295031,244.886018,0.649997,130.51388,49.983455,31.488335,36.310581,142.437908,0.91618,1500.548398,0
88.65,5.3 ,348.4285714,89.7,46.58,21.07,60.19,724.2,3.69,8.7,0.243814,18.804787,422.07565,2.297421,245.059398,0.650013,129.30568,49.966451,32.561111,36.160332,141.93069,0.92482,1675.07625,2605.480525
88.45,3.3 ,348.4285714,89.7,46.58,21.07,60.19,724.2,12.15,14.31,0.24204,19.145069,424.546038,2.298923,245.0054,0.650003,129.544623,50.082396,30.881852,36.335336,142.338953,0.86651,967.110655,2451.340975
88.65,3.3 ,271.4285714,89.8,47.19,21.51,52.02,725.2,11.3,13.03,0.235312,18.85023,426.059355,2.299138,245.060713,0.650024,129.960518,50.180853,31.256312,36.606025,142.829108,0.924793,1950.659225,2695.969025
88.25,4.3 ,271.4285714,89.5,47.19,21.51,52.02,725.2,8.46,11.12,0.236578,18.312907,419.334928,2.301299,244.960425,0.649997,128.652963,50.247744,30.256127,35.250115,142.56758,0.903465,1929.79415,2575.052275
88.05,3.2 ,271.4285714,89.2,47.19,21.51,52.02,725.2,9.45,12.24,0.238174,18.169647,424.56721,2.299256,244.98636,0.650065,129.157865,50.009072,30.545865,34.331863,141.940555,0.902467,1963.308525,2647.224075
87.95,3.2 ,271.4285714,89.2,47.19,21.51,52.02,725.2,9.09,11.82,0.239947,18.356451,425.062968,2.298786,244.93765,0.650016,128.702355,49.977052,30.267192,34.73513,142.847273,0.926917,1974.646925,2620.64715
88.05,3.2 ,271.4285714,89.4,47.19,21.51,52.02,725.2,5.72,10.96,0.237478,18.477197,425.3908,2.301724,245.025613,0.65,129.19032,50.104367,30.861315,36.037239,142.303803,0.874332,1788.499125,3045.40345
88.12,3.6 ,266,89.4,46.72,19.5,45.45,730,4.33,9.71,0.235185,18.626541,426.057338,2.296625,244.818115,0.650045,128.461003,50.037514,29.813634,35.15448,142.624735,0.891538,1977.3156,2789.7854
88.65,11.8 ,266,89.9,46.72,19.5,45.45,730,8.33,11.16,0.238883,18.426142,425.160278,2.296978,244.91496,0.650008,130.444508,50.148594,32.827091,37.795462,143.376703,0.90398,1626.185125,2377.3274
